{
    "_data": {
        "tx_pvls_age_sex": {
            "age_groups": [
                "0-1",
                "1-4",
                "5-9",
                "10-14",
                "15-19",
                "20-24",
                "25-29",
                "30-34",
                "35-39",
                "40-44",
                "45-49",
                "50+"
            ],
            "male_vl_suppression_bucket": [
                2,
                350,
                935,
                1183,
                2161,
                7303,
                12602,
                15937,
                13529,
                13904,
                10305,
                14993
            ],
            "female_vl_suppression_bucket": [
                10,
                339,
                978,
                1160,
                1897,
                10106,
                23990,
                33909,
                29565,
                22218,
                12343,
                14453
            ],
            "male_vl_percentage_suppression_bucket": [
                100,
                82.54716981132076,
                84.15841584158416,
                85.97383720930233,
                91.02780117944398,
                96.37107416204803,
                97.14021429122023,
                96.64059183797222,
                96.13444183898245,
                95.84999310630084,
                95.41666666666667,
                96.11513558561447
            ],
            "female_vl_percentage_suppression_bucket": [
                100,
                82.28155339805825,
                87.47763864042933,
                85.41973490427098,
                88.4794776119403,
                95.39361902963942,
                96.27192102411814,
                96.18755850565908,
                96.07760301572858,
                96.26099389107924,
                96.21920798253821,
                96.48841711729756
            ],
            "percentage_male_suppressed": 96,
            "percentage_female_suppressed": 96,
            "percentage_total_suppressed": 96
        },
        "tx_pvls_state_map": {
            "viral_load_suprression": [
                {
                    "name": "Rivers",
                    "value": 123318,
                    "code3": "ng-ri",
                    "monthData": [
                        5788,
                        19772,
                        5304,
                        21826,
                        13027,
                        3417,
                        19334,
                        17195,
                        3410,
                        6625,
                        7507,
                        113
                    ]
                },
                {
                    "name": "FCT",
                    "value": 62130,
                    "code3": "ng-fc",
                    "monthData": [
                        1808,
                        5306,
                        2490,
                        4053,
                        8920,
                        3963,
                        6556,
                        8598,
                        5044,
                        8871,
                        6105,
                        416
                    ]
                },
                {
                    "name": "Nasarawa",
                    "value": 49420,
                    "code3": "ng-na",
                    "monthData": [
                        1871,
                        5902,
                        2312,
                        4129,
                        7394,
                        2797,
                        5209,
                        6660,
                        4057,
                        5481,
                        2670,
                        938
                    ]
                },
                {
                    "name": "Katsina",
                    "value": 9304,
                    "code3": "ng-kt",
                    "monthData": [
                        156,
                        1379,
                        375,
                        724,
                        973,
                        616,
                        1161,
                        1385,
                        1076,
                        1111,
                        314,
                        34
                    ]
                }
            ],
            "months": [
                "Jul 21",
                "Aug 21",
                "Sep 21",
                "Oct 21",
                "Nov 21",
                "Dec 21",
                "Jan 22",
                "Feb 22",
                "Mar 22",
                "Apr 22",
                "May 22",
                "Jun 22"
            ]
        },
        "tx_pvls_month": {
            "months": [
                "Jul 21",
                "Aug 21",
                "Sep 21",
                "Oct 21",
                "Nov 21",
                "Dec 21",
                "Jan 22",
                "Feb 22",
                "Mar 22",
                "Apr 22",
                "May 22",
                "Jun 22"
            ],
            "viral_load": [
                9771,
                32915,
                10769,
                31216,
                31557,
                11346,
                33884,
                35952,
                14635,
                23464,
                17676,
                1590
            ],
            "viral_load_suppressed": [
                9623,
                32359,
                10481,
                30732,
                30314,
                10793,
                32260,
                33838,
                13587,
                22088,
                16596,
                1501
            ],
            "percentage_viral_load_suppressed": [
                98.48531368334868,
                98.31080054686313,
                97.32565697836381,
                98.44951307022039,
                96.0610957949108,
                95.12603560726247,
                95.20717742887499,
                94.11993769470405,
                92.8390843867441,
                94.13569723832254,
                93.89002036659878,
                94.40251572327044
            ]
        },
        "tx_pvls_state": {
            "states": [
                "Rivers",
                "FCT",
                "Nasarawa",
                "Katsina"
            ],
            "viral_load": [
                127603,
                64955,
                52382,
                9835
            ],
            "viral_load_suppressed": [
                123318,
                62130,
                49420,
                9304
            ],
            "percentage_viral_load_suppressed": [
                96.6419284813053,
                95.65083519359557,
                94.34538581955634,
                94.60091509913575
            ]
        },
        "ribbon_data": {
            "no_of_ips": 1,
            "no_of_states": 4,
            "no_of_lga": 55,
            "no_of_facilities": 356,
            "no_of_patients": 254775
        }
    }
}